{
    "RELU": {
        "accuracy": 0.9993174543400489,
        "precision": 0.9989534090641831,
        "recall": 0.9996822632272642,
        "f1": 0.9993177032479678,
        "roc_auc": 0.9999678180229854
    },
    "TANH": {
        "accuracy": 0.9992527301826398,
        "precision": 0.9985076906807046,
        "recall": 1.0,
        "f1": 0.9992532881778468,
        "roc_auc": 0.9999568445606457
    }
}